Title,Year,Director,Poster,Rating
"Indiana Jones and the Dial of Destiny",2023,"James Mangold","",6.5
"Guardians of the Galaxy Vol. 3",2023,"James Gunn","",8.1
"Shazam! Fury of the Gods",2023,"David F. Sandberg","",6.0
"Uncharted",2023,"Ruben Fleischer","",6.3
"Journey to the Center of the Earth",2024,"Brad Peyton","",5.9
"National Treasure: Edge of History",2024,"Mira Nair","",6.4
"The Amazing Spider-Man: No Way Home",2024,"Jon Watts","",8.5
"Avatar: The Way of Water",2024,"James Cameron","",8.0
"Treasure Planet 2",2024,"Glen Keane","",7.2
