Title,Year,Director,Poster,Rating
"Harry Potter: The Cursed Child",2023,"David Yates","",7.4
"Fantastic Beasts: The Secrets of Dumbledore",2023,"David Yates","",6.5
"Percy Jackson and the Olympians",2023,"Jon Steinberg","",7.9
"The Witcher: Blood Origin",2023,"Declan de Barra","",6.2
"Dungeons & Dragons: Honor Among Thieves",2023,"John Francis Daley, Jonathan Goldstein","",7.5
"The Chronicles of Narnia: The Silver Chair",2024,"Joe Johnston","",6.7
"Shadow and Bone Season 2",2024,"Lee Toland Krieger","",7.1
"Avatar: The Last Airbender",2024,"Albert Kim","",8.2
"The Magic Flute",2024,"Scott McGehee, David Siegel","",6.3
