Title,Year,Director,Poster,Rating
"The Jeffrey Dahmer Files",2022,"Ryan Murphy","",7.0
"American Murder: The Family Next Door",2023,"Jenny Popplewell","",7.1
"Killers of the Flower Moon",2023,"Martin Scorsese","",8.2
"The Good Nurse",2023,"Tobias Lindholm","",6.8
"Love and Death",2023,"David E. Kelley","",7.5
"Monsters Among Us",2024,"Joe Berlinger","",6.9
"The Disappearance of Shannon Matthews",2024,"David O'Leary","",6.4
"Still a Mystery",2024,"John Stamos","",6.3
"Who Killed Jane Doe?",2024,"Brian J. Smith","",7.2
